id,uk_2010_soc_code,name,proximity,exposure,in_employment,grouphier,group,fempcent,fiftyfivepcent,bamepcent,earnings,fempcentsample,fiftyfivepcentsample,bamepcentsample,earningssample,in_employmentsample
265,6143,"Actors, entertainers and presenters",21.5,1,8062,Professional Occupations,grp2,null,40.5,null,24.66,0,0,0,0,0
62,2215,"Actuaries, economists and statisticians",26.5,2,10491,Associate Professional And Technical Occupations,grp3,null,36.6,8.6,22.7,2,2,2,0,0
72,2232,Advertising accounts managers and creative directors,33,2.333333333,10651,"Caring, Leisure And Other Service Occupations",grp6,9.2,36.4,4.7,22.39,0,0,0,0,0
119,3213,Advertising and public relations directors,33,2.333333333,10973,Professional Occupations,grp2,9.6,35.7,null,22.04,0,0,0,0,0
264,6142,Agricultural and fishing trades n.e.c.,34,14,63091,Skilled Trades Occupations,grp5,65.4,19,7.7,11.87,1,2,1,0,0
67,2221,Agricultural machinery drivers,34,14,63192,Professional Occupations,grp2,64.6,19,11,11.87,0,0,2,0,0
137,3413,Air traffic controllers,34,14,63227,"Process, Plant And Machine Operatives",grp8,30.4,18.9,11.5,11.86,0,0,0,0,0
63,2216,Air transport operatives,35,4,16785,Associate Professional And Technical Occupations,grp3,null,29,null,19.33,2,2,2,0,0
61,2214,Air travel assistants,39,2.142857143,10610,Elementary Occupations,grp9,31.6,36.4,15,22.43,0,0,0,0,0
260,6131,Air-conditioning and refrigeration engineers,39.25,4.75,23063,Associate Professional And Technical Occupations,grp3,51.1,26.3,4.1,18.05,0,0,2,0,0
263,6141,Aircraft maintenance and related trades,39.66666667,4.333333333,20046,"Process, Plant And Machine Operatives",grp8,97.6,28.2,6.5,18.7,1,2,2,0,0
277,6222,Aircraft pilots and flight engineers,39.75,1.75,8717,Elementary Occupations,grp9,62.1,39.4,null,24.13,2,0,2,0,0
58,2211,Ambulance staff (excluding paramedics),39.75,9.75,44573,Associate Professional And Technical Occupations,grp3,46.7,21.3,14.8,13.39,1,0,2,0,0
276,6221,Animal care services occupations n.e.c.,41,0,5457,"Managers, Directors And Senior Officials",grp1,null,43.3,null,29.34,0,2,2,0,0
64,2217,Architects,41,1,7174,Elementary Occupations,grp9,61.4,40.8,9.6,24.75,0,2,2,0,0
122,3218,Architectural and town planning technicians,41.83333333,1.5,8382,Skilled Trades Occupations,grp5,null,39.5,8.4,24.48,0,0,2,0,0
266,6144,Archivists and curators,42,0,5272,"Caring, Leisure And Other Service Occupations",grp6,null,44.2,19.9,31.27,0,0,0,0,0
269,6147,Artists,42,0,5335,Professional Occupations,grp2,null,44.2,16.1,30.13,2,0,2,0,0
248,5434,"Arts officers, producers and directors",42,1,7155,"Caring, Leisure And Other Service Occupations",grp6,null,40.9,19.4,24.76,0,2,0,0,0
255,6121,Assemblers (electrical and electronic products),42,7,32105,"Caring, Leisure And Other Service Occupations",grp6,11.1,24.1,9.4,14.98,0,0,0,0,0
258,6125,Assemblers (vehicles and metal goods),42,7,32293,Elementary Occupations,grp9,43.1,24,7,14.92,2,2,2,0,0
259,6126,Assemblers and routine operatives n.e.c.,42,7.5,33389,"Process, Plant And Machine Operatives",grp8,68.7,23.8,5.6,14.83,0,0,2,0,0
71,2231,"Authors, writers and translators",42,26,99848,Professional Occupations,grp2,6,15.2,11,10.25,2,2,2,0,0
273,6214,Bakers and flour confectioners,42.33333333,13.33333333,60116,"Process, Plant And Machine Operatives",grp8,52.3,19.6,9.1,12.11,2,0,2,0,0
65,2218,Bank and post office clerks,43,17.2,78192,Elementary Occupations,grp9,null,17.1,null,11,0,2,1,0,0
66,2219,Bar staff,43.33333333,6.333333333,29378,Administrative And Secretarial Occupations,grp4,15,24.7,13.7,15.55,0,0,0,0,0
68,2222,Barristers and judges,43.5,0,5253,Skilled Trades Occupations,grp5,35.9,45.4,null,31.42,0,0,0,0,0
267,6145,Beauticians and related occupations,43.6,11,53778,"Managers, Directors And Senior Officials",grp1,48.6,20.2,null,12.52,0,0,0,0,0
268,6146,Biological scientists and biochemists,44,3.5,13537,Professional Occupations,grp2,null,31,5.4,20.49,0,0,2,0,0
146,3443,Boat and ship builders and repairers,44,4,16692,Elementary Occupations,grp9,38.3,29.3,20,19.38,0,0,2,0,0
77,2316,"Book-keepers, payroll managers and wages clerks",44,5.5,26893,Professional Occupations,grp2,62,25.5,5.1,16.58,2,0,0,0,0
120,3216,Bricklayers and masons,44,5.5,27072,"Caring, Leisure And Other Service Occupations",grp3,67.9,25.5,6.6,16.52,2,0,2,0,0
121,3217,Brokers,44.81818182,30.54545455,130269,"Managers, Directors And Senior Officials",grp1,16.8,13.7,9.6,10.06,1,2,1,0,0
227,5312,Building and civil engineering technicians,44.81818182,30.54545455,130388,Associate Professional And Technical Occupations,grp3,39.8,13.6,5.6,10.04,2,0,2,0,0
230,5315,Bus and coach drivers,45,34,144094,Associate Professional And Technical Occupations,grp3,47.2,12.9,null,10,2,0,0,0,0
256,6122,Business and financial project management professionals,45.33333333,5.333333333,26374,"Process, Plant And Machine Operatives",grp8,84.6,25.6,15.2,16.79,0,0,0,0,0
257,6123,Business and related associate professionals n.e.c.,45.66666667,14.66666667,68093,"Caring, Leisure And Other Service Occupations",grp6,58.7,18.4,11.2,11.64,0,0,2,0,0
274,6215,Business and related research professionals,45.66666667,14.66666667,68157,"Managers, Directors And Senior Officials",grp1,52.2,18.3,7.5,11.56,0,0,2,0,0
124,3231,Business sales executives,45.75,3.375,13467,Associate Professional And Technical Occupations,grp3,13.4,31.7,10.5,20.99,2,0,2,0,0
125,3233,"Business, research and administrative professionals n.e.c.",46,4,16665,"Process, Plant And Machine Operatives",grp8,6.9,29.4,11.1,19.55,0,0,1,0,0
126,3234,Butchers,46.33333333,3.666666667,13810,"Managers, Directors And Senior Officials",grp1,17.7,30.7,4.1,20.43,0,0,0,0,0
128,3239,Buyers and procurement officers,46.4,4.2,17975,"Managers, Directors And Senior Officials",grp1,93.8,28.3,null,19.07,0,0,2,0,0
178,4123,Call and contact centre occupations,46.5,4.5,22225,Professional Occupations,grp2,null,27.1,null,18.15,0,0,0,0,0
180,4129,Care escorts,46.66666667,0.333333333,5781,Professional Occupations,grp2,null,43.3,12.8,27.65,2,2,1,0,0
367,9274,Care workers and home carers,46.66666667,3,13279,Associate Professional And Technical Occupations,grp3,null,32,13,21.13,0,0,0,0,0
25,1223,Careers advisers and vocational guidance specialists,47,9,40657,"Caring, Leisure And Other Service Occupations",grp6,22.7,22.1,5.5,13.58,0,0,2,0,0
131,3313,Caretakers,47,9,41006,"Process, Plant And Machine Operatives",grp8,52.6,22.1,8.5,13.54,1,2,1,0,0
250,5436,Carpenters and joiners,47,9,41896,Skilled Trades Occupations,grp5,30.2,21.9,6.4,13.54,1,2,1,0,0
357,9241,Catering and bar managers,47,17.33333333,78394,Professional Occupations,grp2,6.6,17.1,7.9,10.97,0,0,1,0,0
74,2312,Chartered and certified accountants,47.33333333,4.666666667,22984,Skilled Trades Occupations,grp5,28.6,26.9,15.3,18.06,0,0,2,0,0
130,3312,Chartered architectural technologists,47.33333333,5.333333333,25829,"Caring, Leisure And Other Service Occupations",grp3,39.4,25.7,13.3,16.99,0,0,2,0,0
133,3315,Chartered surveyors,47.33333333,5.333333333,26057,"Managers, Directors And Senior Officials",grp1,7.1,25.7,8.7,16.83,0,0,2,0,0
228,5313,Chefs,47.33333333,5.333333333,26070,Associate Professional And Technical Occupations,grp3,6.8,25.6,4.7,16.8,0,2,2,0,0
262,6139,Chemical and related process operatives,47.5,0,5158,"Process, Plant And Machine Operatives",grp8,null,48.4,6.7,32.35,0,0,2,0,0
283,7113,Chemical scientists,47.5,2.5,10974,Professional Occupations,grp2,17.9,35.6,null,21.99,0,2,2,0,0
148,3512,Chief executives and senior officials,47.5,2.75,12145,Professional Occupations,grp2,75.9,34.6,9.1,21.68,2,2,1,0,0
324,8142,Child and early years officers,47.5,2.75,12641,Associate Professional And Technical Occupations,grp3,52.1,33.9,4.8,21.64,0,0,2,0,0
325,8143,Childminders and related occupations,47.5,17,78114,Elementary Occupations,grp9,6,17.2,10.8,11,2,2,1,0,0
132,3314,Civil engineers,47.66666667,8.333333333,35498,Professional Occupations,grp2,51.1,23,19.2,14.37,0,0,0,0,0
138,3414,Cleaners and domestics,48,1,7131,"Caring, Leisure And Other Service Occupations",grp2,27.1,41.2,2.5,24.77,0,0,0,0,0
331,8215,Cleaning and housekeeping managers and supervisors,48,4.5,21939,Professional Occupations,grp2,11.4,27.3,8.4,18.36,0,0,0,0,0
328,8212,Clergy,48,5.6,27850,"Caring, Leisure And Other Service Occupations",grp3,51.3,25.5,9.8,16.42,0,2,1,0,0
330,8214,Coal mine operatives,48,7.5,32964,Skilled Trades Occupations,grp5,84.9,23.8,6.7,14.84,0,0,2,0,0
284,7114,Collector salespersons and credit agents,48,47,217330,Skilled Trades Occupations,grp5,62.3,11.1,11,9.27,0,0,0,0,0
366,9273,Communication operators,48,47,219261,"Process, Plant And Machine Operatives",grp8,34.3,10.6,6.4,9.25,2,2,2,0,0
76,2315,Company secretaries,48.28571429,6.571428571,29490,"Caring, Leisure And Other Service Occupations",grp6,67.9,24.7,5.3,15.41,0,0,2,0,0
236,5330,Conference and exhibition managers and organisers,48.28571429,6.571428571,29576,Skilled Trades Occupations,grp5,87.4,24.7,4,15.4,0,0,0,0,0
147,3511,Conservation and environmental associate professionals,48.33333333,38.33333333,171663,Associate Professional And Technical Occupations,grp3,14.1,12.5,19.5,9.89,0,0,0,0,0
337,8232,Conservation professionals,48.33333333,38.33333333,173035,Skilled Trades Occupations,grp5,97.2,12.5,9,9.88,0,0,2,0,0
329,8213,Construction and building trades n.e.c.,48.33333333,38.33333333,173909,Sales And Customer Service Occupations,grp7,50.5,12.4,15,9.76,0,2,2,0,0
145,3442,Construction and building trades supervisors,48.5,39.5,176347,Sales And Customer Service Occupations,grp7,47.5,12.3,8.1,9.75,0,0,0,0,0
275,6219,Construction operatives n.e.c.,48.66666667,4,16112,Elementary Occupations,grp9,null,29.5,4.5,19.62,0,0,2,0,0
208,5216,Construction project managers and related professionals,48.7,11.7,56454,Associate Professional And Technical Occupations,grp3,34,20,null,12.28,1,2,1,0,0
229,5314,Cooks,49,4,15997,Professional Occupations,grp2,null,29.6,3.8,19.72,0,0,0,0,0
69,2223,Counsellors,49,4,16027,Professional Occupations,grp2,10.6,29.5,11.2,19.66,0,2,1,0,0
296,7215,Crane drivers,49.11764706,8,34510,Elementary Occupations,grp9,41.3,23.2,6.6,14.58,0,2,2,0,0
206,5214,Credit controllers,49.11764706,8,34695,"Caring, Leisure And Other Service Occupations",grp2,49.3,23.1,null,14.49,0,0,2,0,0
226,5311,Customer service managers and supervisors,49.11764706,8,34849,Associate Professional And Technical Occupations,grp3,69,23.1,14.2,14.46,2,2,2,0,0
282,7112,Customer service occupations n.e.c.,49.11764706,8,35149,Skilled Trades Occupations,grp5,4.9,23.1,14.8,14.37,0,0,0,0,0
271,6211,Dancers and choreographers,49.25,4.5,21664,Elementary Occupations,grp9,9.4,27.6,11.8,18.37,0,0,2,0,0
60,2213,"Debt, rent and other cash collectors",49.33333333,9,37498,"Caring, Leisure And Other Service Occupations",grp2,3.2,22.4,7.6,13.88,0,2,2,0,0
165,3546,Dental nurses,49.33333333,9,37537,Skilled Trades Occupations,grp5,19.3,22.4,6,13.87,0,0,0,0,0
220,5241,Dental practitioners,49.33333333,9,38010,Administrative And Secretarial Occupations,grp4,75.4,22.3,null,13.83,0,0,2,0,0
270,6148,Design and development engineers,49.33333333,9,38944,Skilled Trades Occupations,grp5,97.7,22.3,6.4,13.8,0,0,2,0,0
365,9272,Dispensing opticians,49.33333333,9,39389,Administrative And Secretarial Occupations,grp4,44.9,22.3,6.4,13.8,0,0,2,0,0
323,8141,Draughtspersons,49.33333333,9,39698,"Caring, Leisure And Other Service Occupations",grp6,8.7,22.3,6.5,13.79,2,2,1,0,0
17,1172,Driving instructors,49.33333333,9,39758,Professional Occupations,grp2,null,22.3,4.8,13.68,1,2,1,0,0
75,2314,Education advisers and school inspectors,49.33333333,9,39776,"Managers, Directors And Senior Officials",grp1,45,22.2,9.6,13.68,0,0,2,0,0
149,3513,Educational support assistants,49.33333333,9,40259,Associate Professional And Technical Occupations,grp3,9.7,22.2,18.5,13.61,0,2,2,0,0
346,9134,Electrical and electronic trades n.e.c.,49.33333333,16,73731,"Managers, Directors And Senior Officials",grp1,72.6,17.6,9.7,11.2,2,2,1,0,0
231,5316,Electrical and electronics technicians,49.5,3,13261,Associate Professional And Technical Occupations,grp3,74,32,null,21.28,0,0,2,0,0
361,9251,Electrical engineers,49.75,4.25,18916,"Caring, Leisure And Other Service Occupations",grp6,33.3,28.3,8.5,18.93,0,0,0,0,0
204,5212,Electricians and electrical fitters,49.75,4.25,19342,Associate Professional And Technical Occupations,grp3,14.1,28.2,null,18.8,0,0,0,0,0
326,8149,Electronics engineers,49.75,4.25,19617,Skilled Trades Occupations,grp5,76,28.2,2.6,18.73,0,0,2,0,0
211,5223,Electroplaters,50,2.75,11871,Professional Occupations,grp2,47.4,35,10.3,21.75,0,0,2,0,0
218,5236,Elementary administration occupations n.e.c.,50,4,15067,"Caring, Leisure And Other Service Occupations",grp6,46,29.9,10,20,0,2,2,0,0
219,5237,Elementary cleaning occupations n.e.c.,50,4,15263,"Process, Plant And Machine Operatives",grp8,50.4,29.7,null,19.93,0,2,2,0,0
166,3550,Elementary construction occupations,50,4,15764,Associate Professional And Technical Occupations,grp3,5.6,29.7,11.9,19.83,0,2,1,0,0
167,3561,Elementary process plant occupations n.e.c.,50,10,49638,Professional Occupations,grp2,95.3,20.7,null,12.93,2,0,2,0,0
171,3565,Elementary sales occupations n.e.c.,50,10,49795,Professional Occupations,grp2,11.2,20.7,5.1,12.8,2,0,2,0,0
187,4151,Elementary security occupations n.e.c.,50,10.5,50174,Associate Professional And Technical Occupations,grp3,null,20.5,11.8,12.77,0,0,0,0,0
253,5443,Elementary storage occupations,50,10.5,52096,Sales And Customer Service Occupations,grp7,95,20.5,13.9,12.76,2,2,2,0,0
281,7111,Energy plant operatives,50,24,95220,Professional Occupations,grp2,92.7,15.8,5.2,10.36,0,0,1,0,0
285,7115,Engineering professionals n.e.c.,50.4,4.2,17937,Elementary Occupations,grp9,24.7,28.5,6.9,19.14,0,0,0,0,0
358,9242,Engineering technicians,50.5,1,6911,"Caring, Leisure And Other Service Occupations",grp6,null,41.3,null,25.31,0,0,2,0,0
359,9244,Environment professionals,50.66666667,4.166666667,17849,Associate Professional And Technical Occupations,grp3,53.9,28.7,8,19.19,0,2,2,0,0
360,9249,Environmental health professionals,50.66666667,11.08333333,54060,"Process, Plant And Machine Operatives",grp8,44.5,20.2,10.9,12.45,0,0,0,0,0
368,9275,Estate agents and auctioneers,50.75,14.25,65206,Skilled Trades Occupations,grp5,0.8,18.5,20.2,11.66,2,2,1,0,0
344,9120,"Estimators, valuers and assessors",51,1,6776,Skilled Trades Occupations,grp5,64.3,41.6,null,25.53,0,0,2,0,0
185,4135,Farm workers,51,47,204042,"Caring, Leisure And Other Service Occupations",grp6,49.5,11.3,7.5,9.31,0,0,0,0,0
245,5431,Farmers,51,47,209794,"Managers, Directors And Senior Officials",grp1,11.1,11.1,7.8,9.3,0,2,2,0,0
247,5433,Finance and investment analysts and advisers,51.25,10,49326,Associate Professional And Technical Occupations,grp3,31.3,20.8,13.6,12.93,0,0,2,0,0
139,3415,Finance officers,51.4,2.6,11126,Sales And Customer Service Occupations,grp7,48.4,35.5,1.9,21.92,0,0,0,0,0
286,7121,Financial accounts managers,51.5,4.166666667,17093,Professional Occupations,grp2,70.6,28.9,14.8,19.3,0,0,2,0,0
288,7123,Financial administrative occupations n.e.c.,51.5,4.166666667,17258,Associate Professional And Technical Occupations,grp3,36.4,28.9,11.3,19.21,1,2,1,0,0
289,7124,Financial and accounting technicians,51.5,8.5,35617,Professional Occupations,grp2,81.7,22.9,null,14.27,0,0,0,0,0
290,7125,Financial institution managers and directors,51.5,12.5,58350,Professional Occupations,grp2,29.4,20,8.7,12.25,1,2,2,0,0
291,7129,Financial managers and directors,51.5,26.5,100106,Administrative And Secretarial Occupations,grp4,39.6,15.1,11.7,10.25,2,2,1,0,0
362,9259,Fire service officers (watch manager and below),51.57142857,2.571428571,11069,"Caring, Leisure And Other Service Occupations",grp6,95.1,35.6,9.4,21.97,0,0,0,0,0
249,5435,Fishing and other elementary agriculture occupations n.e.c.,52,0.5,6292,Administrative And Secretarial Occupations,grp4,null,42.8,null,26.76,0,0,0,0,0
292,7130,Fishmongers and poultry dressers,52,3.5,13521,Professional Occupations,grp2,38.4,31,15.1,20.56,0,0,2,0,0
322,8139,Fitness instructors,52,5,25052,Professional Occupations,grp2,12.8,25.8,9.9,17.34,0,0,0,0,0
294,7213,Floorers and wall tilers,52,9.8,44615,Associate Professional And Technical Occupations,grp3,95,21.3,19.4,13.21,2,0,1,0,0
295,7214,Florists,52,31,130809,Skilled Trades Occupations,grp5,34.1,13.6,4.5,10.03,0,0,2,0,0
141,3417,"Food, drink and tobacco process operatives",52.5,7.666666667,33507,Elementary Occupations,grp9,77.5,23.7,null,14.78,0,0,0,0,0
203,5211,Footwear and leather working trades,53,2,10275,Sales And Customer Service Occupations,grp7,33.2,36.9,14.5,23.09,0,0,0,0,0
225,5250,Forestry workers,53,2,10289,Skilled Trades Occupations,grp5,53.8,36.7,9.4,22.94,0,2,0,0,0
318,8133,Fork-lift truck drivers,53,14,62729,Professional Occupations,grp2,73.6,19.3,7.4,11.91,0,0,2,0,0
319,8134,Functional managers and directors n.e.c.,53.08333333,1.666666667,8689,"Caring, Leisure And Other Service Occupations",grp6,15.2,39.4,null,24.35,0,0,0,0,0
369,9279,Furniture makers and other craft woodworkers,53.28571429,8.333333333,35292,Administrative And Secretarial Occupations,grp4,75.3,23,8.8,14.37,0,2,2,0,0
104,2463,Further education teaching professionals,53.33333333,5.555555556,27296,Professional Occupations,grp2,null,25.5,6,16.47,2,0,2,0,0
317,8132,Garage managers and proprietors,53.375,13.375,60228,Administrative And Secretarial Occupations,grp4,32.3,19.5,9,12.09,0,0,2,0,0
205,5213,Gardeners and landscape gardeners,53.4,3,13155,Skilled Trades Occupations,grp5,71.3,32.4,4.6,21.32,0,0,0,0,0
80,2319,"Glass and ceramics makers, decorators and finishers",53.63636364,4.454545455,20316,Professional Occupations,grp2,12.5,28.1,8.7,18.69,0,0,2,0,0
301,8113,Glass and ceramics process operatives,53.63636364,4.454545455,20762,"Managers, Directors And Senior Officials",grp1,84.2,28.1,7,18.58,0,2,2,0,0
348,9211,"Glaziers, window fabricators and fitters",53.66666667,5.166666667,25097,Professional Occupations,grp2,84.1,25.7,13.7,17.34,0,0,2,0,0
111,3114,Graphic designers,54,3.5,13488,Associate Professional And Technical Occupations,grp3,77.9,31.7,8.8,20.99,0,0,2,0,0
115,3121,Groundsmen and greenkeepers,54,4.25,18507,"Caring, Leisure And Other Service Occupations",grp2,null,28.3,6.9,18.98,2,0,2,0,0
234,5322,Hairdressers and barbers,54,6,29351,"Process, Plant And Machine Operatives",grp8,11.8,24.8,7.2,15.6,0,0,2,0,0
213,5225,Hairdressing and beauty salon managers and proprietors,54,7.5,32923,Elementary Occupations,grp9,4.9,23.9,10.3,14.85,2,0,2,0,0
338,8233,Health and safety officers,54,11,53437,Administrative And Secretarial Occupations,grp4,21.5,20.4,9.6,12.57,0,0,2,0,0
340,8239,Health care practice managers,54,11,53706,Skilled Trades Occupations,grp5,30.4,20.4,5.5,12.52,2,2,2,0,0
363,9260,Health professionals n.e.c.,54,11.5,55461,Elementary Occupations,grp9,40,20.1,7.9,12.31,1,0,2,0,0
183,4133,Health services and public health managers and directors,54.16666667,2.666666667,11142,"Process, Plant And Machine Operatives",grp8,25.8,35.4,9.5,21.77,0,2,2,0,0
240,5414,Higher education teaching professionals,54.2,5,24533,Skilled Trades Occupations,grp5,27.1,25.8,3.6,17.51,2,2,2,0,0
172,3567,Horticultural trades,54.5,4.5,21436,Professional Occupations,grp2,27.5,28,12.1,18.4,0,0,2,0,0
134,3319,Hospital porters,54.66666667,15.33333333,70937,Professional Occupations,grp2,77.3,18.1,15,11.5,1,2,2,0,0
238,5412,Hotel and accommodation managers and proprietors,54.75,4,14972,Skilled Trades Occupations,grp5,68.4,30.2,11.4,20.09,0,0,0,0,0
293,7211,Housekeepers and related occupations,55,0,3667,Associate Professional And Technical Occupations,grp3,null,48.7,null,36.04,0,0,0,0,0
321,8137,Houseparents and residential wardens,55,3,12725,Associate Professional And Technical Occupations,grp3,74.4,33.4,26.6,21.45,0,0,2,0,0
311,8124,Housing officers,55,3,12974,Elementary Occupations,grp9,null,33.3,2.8,21.38,2,0,1,0,0
217,5235,Human resource managers and directors,55,7,31590,Associate Professional And Technical Occupations,grp3,5.7,24.2,5.9,15,0,0,0,0,0
349,9219,Human resources administrative occupations,55,10.66666667,52802,Skilled Trades Occupations,grp5,58.5,20.4,null,12.75,0,0,0,0,0
223,5245,Human resources and industrial relations officers,55,14,62451,"Managers, Directors And Senior Officials",grp1,26.8,19.3,8,11.98,0,0,2,0,0
210,5222,Importers and exporters,55,14,62513,Professional Occupations,grp2,75.1,19.3,9.7,11.96,1,2,1,0,0
216,5234,Industrial cleaning process occupations,55,16,73283,Associate Professional And Technical Occupations,grp3,52.5,17.6,6.2,11.22,0,0,0,0,0
96,2442,Information technology and telecommunications directors,55.16666667,13.5,61111,Administrative And Secretarial Occupations,grp4,2.1,19.4,7.5,12.03,0,0,2,0,0
97,2443,Inspectors of standards and regulations,55.2,32.6,131362,Professional Occupations,grp2,49.2,13.6,11.3,10.02,0,2,2,0,0
99,2449,Insurance underwriters,55.2,32.6,131823,Professional Occupations,grp2,6.5,13.5,8.7,10,0,0,2,0,0
127,3235,"IT business analysts, architects and systems designers",55.25,5.75,27948,Professional Occupations,grp2,22.4,25.4,17.8,16.38,0,2,2,0,0
215,5232,IT engineers,55.5,17,77195,Elementary Occupations,grp9,85.1,17.2,10.5,11.06,1,2,1,0,0
272,6212,IT operations technicians,55.66666667,4.666666667,22554,Professional Occupations,grp2,78,27.1,31.8,18.14,0,2,2,0,0
310,8123,"Journalists, newspaper and periodical editors",55.66666667,4.666666667,22697,"Caring, Leisure And Other Service Occupations",grp2,30.9,27,7.1,18.07,0,0,2,0,0
173,4112,Kitchen and catering assistants,55.72727273,10,48588,Associate Professional And Technical Occupations,grp3,null,20.8,2.2,12.98,1,2,1,0,0
144,3441,Laboratory technicians,55.72727273,10,49126,Elementary Occupations,grp9,75.6,20.8,7.9,12.95,0,0,2,0,0
169,3563,Large goods vehicle drivers,55.75,5.4375,26396,Administrative And Secretarial Occupations,grp4,39.2,25.6,9.5,16.65,0,0,2,0,0
233,5321,"Launderers, dry cleaners and pressers",55.8,8.2,35275,Skilled Trades Occupations,grp5,23.9,23,null,14.37,0,0,2,0,0
304,8116,Legal associate professionals,55.85714286,1.428571429,8262,"Managers, Directors And Senior Officials",grp1,14.5,39.6,13.5,24.51,0,0,0,0,0
313,8126,Legal professionals n.e.c.,56,30,127467,"Process, Plant And Machine Operatives",grp8,57,13.7,4.9,10.07,0,0,2,0,0
112,3115,Legal secretaries,56.25,13.25,59647,"Process, Plant And Machine Operatives",grp8,38.4,19.7,7.4,12.13,0,0,2,0,0
114,3119,Leisure and sports managers,56.28571429,5.285714286,25550,Associate Professional And Technical Occupations,grp3,90.3,25.7,10.9,17.25,0,0,0,0,0
184,4134,Leisure and theme park attendants,56.5,37,159515,"Caring, Leisure And Other Service Occupations",grp6,20.8,12.7,4.2,9.96,2,0,2,0,0
174,4113,Leisure and travel service occupations n.e.c.,56.5,37,160270,Skilled Trades Occupations,grp5,64.7,12.6,5.4,9.93,1,0,1,0,0
175,4114,Librarians,56.66666667,6,28735,Professional Occupations,grp2,61.6,25.1,21.9,15.98,1,2,1,0,0
109,3112,Library clerks and assistants,56.66666667,6,29149,"Caring, Leisure And Other Service Occupations",grp6,22.3,24.9,7.8,15.93,0,0,0,0,0
113,3116,Local government administrative occupations,56.66666667,6,29295,Associate Professional And Technical Occupations,grp3,7.2,24.9,5.1,15.86,2,2,2,0,0
197,4217,Management consultants and business analysts,56.66666667,15.33333333,70101,Administrative And Secretarial Occupations,grp4,17.2,18.2,8.5,11.51,0,0,2,0,0
222,5244,Managers and directors in retail and wholesale,56.8,10,48382,Associate Professional And Technical Occupations,grp3,11.8,20.8,27.2,12.98,0,0,0,0,0
224,5249,Managers and directors in storage and warehousing,57,1,6631,"Caring, Leisure And Other Service Occupations",grp6,30.7,41.9,8.3,26.09,0,0,2,0,0
345,9132,Managers and directors in transport and distribution,57,2,9703,Associate Professional And Technical Occupations,grp3,null,37.2,null,23.61,0,0,0,0,0
347,9139,Managers and proprietors in agriculture and horticulture,57,2,10210,Professional Occupations,grp2,32.5,37.2,7,23.14,0,2,2,0,0
332,8221,"Managers and proprietors in forestry, fishing and related services",57,5.964285714,27998,"Caring, Leisure And Other Service Occupations",grp6,34.4,25.4,null,16.33,1,2,1,0,0
199,5112,Managers and proprietors in other services n.e.c.,57,5.964285714,28287,"Caring, Leisure And Other Service Occupations",grp6,18.8,25.4,16.2,16.07,0,0,2,0,0
200,5113,Marine and waterways transport operatives,57,11,53398,"Managers, Directors And Senior Officials",grp1,5.5,20.4,9.9,12.73,0,2,2,0,0
201,5114,Market and street traders and assistants,57.25,6.5,29463,Skilled Trades Occupations,grp5,81.3,24.7,7.4,15.43,0,0,2,0,0
339,8234,Market research interviewers,57.5,19,82989,Associate Professional And Technical Occupations,grp3,16.9,16.7,11.2,10.77,0,0,2,0,0
29,1241,Marketing and sales directors,57.5,19,83237,"Managers, Directors And Senior Officials",grp1,57.3,16.7,3.9,10.72,2,2,2,0,0
191,4211,Marketing associate professionals,58,9,36985,Professional Occupations,grp2,26.7,22.5,18.4,13.98,0,0,0,0,0
182,4132,Mechanical engineers,58.12,16.12,73757,Elementary Occupations,grp9,68.1,17.5,10.1,11.19,0,0,0,0,0
212,5224,Medical and dental technicians,58.12,16.12,74092,"Managers, Directors And Senior Officials",grp1,63.9,17.5,7.9,11.16,0,0,0,0,0
181,4131,Medical practitioners,58.33333333,3.583333333,13609,"Managers, Directors And Senior Officials",grp1,4.5,30.8,9.7,20.44,0,0,2,0,0
140,3416,Medical radiographers,58.33333333,11.5,54850,"Managers, Directors And Senior Officials",grp1,26.4,20.1,6.6,12.34,0,0,2,0,0
299,8111,Medical secretaries,59,2,9298,"Process, Plant And Machine Operatives",grp8,24.8,39.2,null,23.67,0,0,2,0,0
110,3113,Merchandisers and window dressers,59,6,28441,Sales And Customer Service Occupations,grp7,44.2,25.3,null,16,2,0,2,0,0
214,5231,Metal machining setters and setter-operators,59,7,31514,Skilled Trades Occupations,grp5,null,24.2,10.7,15.02,1,2,2,0,0
320,8135,Metal making and treating process operatives,59.14285714,29.14285714,117127,Administrative And Secretarial Occupations,grp4,37.2,14.6,16.3,10.14,0,0,2,0,0
22,1211,"Metal plate workers, and riveters",59.64285714,7.333333333,32424,"Caring, Leisure And Other Service Occupations",grp2,50.9,24,3.8,14.9,0,0,0,0,0
23,1213,Metal working machine operatives,59.66666667,5.333333333,25708,"Managers, Directors And Senior Officials",grp1,33.3,25.7,6.2,17.12,0,2,2,0,0
100,2451,Metal working production and maintenance fitters,60.03030303,11.33333333,54177,"Process, Plant And Machine Operatives",grp8,80.3,20.2,11.7,12.44,2,0,0,0,0
303,8115,Midwives,60.375,46.375,189829,"Caring, Leisure And Other Service Occupations",grp6,15.3,11.8,13.1,9.5,0,0,0,0,0
59,2212,Mobile machine drivers and operatives n.e.c.,60.375,46.375,197874,"Process, Plant And Machine Operatives",grp8,35.2,11.8,21.1,9.49,0,2,2,0,0
70,2229,"Moulders, core makers and die casters",60.375,46.375,197988,Associate Professional And Technical Occupations,grp3,40.7,11.7,9.8,9.45,0,0,2,0,0
150,3520,Musicians,60.375,46.375,203142,Skilled Trades Occupations,grp5,59.4,11.5,9.4,9.37,0,0,0,0,0
21,1190,National government administrative occupations,61,8,34368,Associate Professional And Technical Occupations,grp3,32.1,23.2,8.1,14.64,0,2,1,0,0
34,1254,Natural and social science professionals n.e.c.,61.33333333,6.833333333,29764,Skilled Trades Occupations,grp5,77.1,24.7,7.4,15.31,2,0,2,0,0
237,5411,Nursery nurses and assistants,61.375,14.75,69820,Sales And Customer Service Occupations,grp7,70.5,18.2,9.5,11.54,0,2,2,0,0
239,5413,Nurses,61.5,11.5,54420,Elementary Occupations,grp9,2.1,20.1,null,12.34,2,2,2,0,0
244,5423,Nursing auxiliaries and assistants,61.5,41.5,183905,Sales And Customer Service Occupations,grp7,53.9,11.8,null,9.58,0,2,2,0,0
246,5432,Occupational therapists,61.875,14.375,67174,Associate Professional And Technical Occupations,grp3,65.4,18.5,7,11.64,0,0,2,0,0
306,8118,Office managers,62,0,3453,"Caring, Leisure And Other Service Occupations",grp6,null,50.4,6.2,37.01,0,0,0,0,0
355,9236,Office supervisors,62,2,9137,Associate Professional And Technical Occupations,grp3,null,39.4,null,24.04,2,0,2,0,0
163,3544,Officers of non-governmental organisations,62,28.42857143,113333,Associate Professional And Technical Occupations,grp3,20.6,14.6,4.4,10.15,0,2,2,0,0
336,8231,Ophthalmic opticians,62,37.66666667,160546,Administrative And Secretarial Occupations,grp4,70.8,12.6,6.4,9.92,0,0,0,0,0
105,2471,Other administrative occupations n.e.c.,62.16666667,13.83333333,61915,"Process, Plant And Machine Operatives",grp8,52.5,19.3,9.1,12,0,2,2,0,0
305,8117,Other drivers and transport operatives n.e.c.,63,12,58180,Elementary Occupations,grp9,11.3,20,null,12.27,0,0,0,0,0
156,3536,Other elementary services occupations n.e.c.,63.33333333,9.666666667,44118,Professional Occupations,grp2,5.9,21.3,12.8,13.41,0,0,2,0,0
91,2432,Other skilled trades n.e.c.,63.4,9,36164,Administrative And Secretarial Occupations,grp4,69,22.6,18.3,14.09,0,2,2,0,0
177,4122,"Packers, bottlers, canners and fillers",63.4,9,36787,Skilled Trades Occupations,grp5,4.4,22.6,1.8,14.07,2,2,2,0,0
179,4124,Painters and decorators,63.4,9,36949,Elementary Occupations,grp9,57.9,22.5,17.1,14.02,2,2,1,0,0
235,5323,Paper and wood machine operatives,63.66666667,17.66666667,78741,"Managers, Directors And Senior Officials",grp1,83.8,17,3.3,10.94,0,2,2,0,0
252,5442,Paramedics,63.75,8.75,35908,Elementary Occupations,grp9,66.9,22.9,5.1,14.24,2,2,2,0,0
315,8129,Parking and civil enforcement occupations,63.875,29.75,120261,Skilled Trades Occupations,grp5,12.5,14.1,0.6,10.13,0,0,0,0,0
327,8211,Pensions and insurance clerks and assistants,63.875,29.75,122158,Elementary Occupations,grp9,56,14,null,10.12,0,2,2,0,0
302,8114,Personal assistants and other secretaries,64,5,24494,Skilled Trades Occupations,grp5,16.7,25.8,6.7,17.61,2,2,2,0,0
209,5221,Pest control officers,64,20.8,87642,Associate Professional And Technical Occupations,grp3,38.4,16.5,10.2,10.6,2,2,1,0,0
312,8125,Pharmaceutical technicians,64,36,158348,"Caring, Leisure And Other Service Occupations",grp6,2.3,12.8,13.6,9.97,0,0,2,0,0
316,8131,Pharmacists,64.33333333,12.66666667,58690,Associate Professional And Technical Occupations,grp3,63.6,19.8,14.3,12.24,0,0,0,0,0
342,9112,Pharmacy and other dispensing assistants,64.5,4.5,21341,"Caring, Leisure And Other Service Occupations",grp6,12.1,28.1,9.6,18.47,0,0,1,0,0
300,8112,"Photographers, audio-visual and broadcasting equipment operators",64.5,34,143393,Skilled Trades Occupations,grp5,73.2,13,15.5,10,2,0,2,0,0
309,8122,Physical scientists,64.75,27.85,111049,"Process, Plant And Machine Operatives",grp8,79.1,14.7,16.2,10.17,0,0,2,0,0
143,3422,Physiotherapists,65,1,6384,Associate Professional And Technical Occupations,grp3,7.8,42.5,7.5,26.23,0,0,2,0,0
90,2431,Pipe fitters,65,1,6430,Skilled Trades Occupations,grp5,36.3,42.3,null,26.17,0,0,2,0,0
94,2435,"Planning, process and production technicians",65,4,14689,Skilled Trades Occupations,grp5,1.7,30.5,null,20.3,2,0,2,0,0
186,4138,Plant and machine operatives n.e.c.,65,4,14892,Administrative And Secretarial Occupations,grp4,22.9,30.5,4.9,20.15,2,2,1,0,0
307,8119,Plasterers,65,6,28335,"Caring, Leisure And Other Service Occupations",grp3,3.9,25.4,18,16.02,2,0,2,0,0
27,1225,Plastics process operatives,65.5,21,88363,"Process, Plant And Machine Operatives",grp8,10.6,16.5,27.9,10.56,0,0,2,0,0
47,2127,Playworkers,65.5,21,89479,Sales And Customer Service Occupations,grp7,33.8,16.4,10.7,10.51,1,2,1,0,0
153,3533,Plumbers and heating and ventilating engineers,66,0,3391,Professional Occupations,grp2,null,50.6,5.5,38.46,2,2,1,0,0
196,4216,Podiatrists,66,10,48367,Elementary Occupations,grp9,null,20.9,2.6,13.06,0,0,2,0,0
254,5449,Police community support officers,66.6,18.4,82894,Skilled Trades Occupations,grp5,12.5,16.8,10.9,10.77,1,2,1,0,0
43,2122,Police officers (sergeant and below),67,0,2503,Associate Professional And Technical Occupations,grp3,50.9,53.5,null,44.08,0,0,0,0,0
37,2111,"Postal workers, mail sorters, messengers and couriers",67,0,2954,Administrative And Secretarial Occupations,grp4,27.9,50.9,11.1,39.48,0,0,2,0,0
79,2318,Pre-press technicians,67,7,30483,"Process, Plant And Machine Operatives",grp8,37.4,24.5,3.6,15.2,0,0,0,0,0
88,2426,Precision instrument makers and repairers,67,7,30809,Administrative And Secretarial Occupations,grp4,89.1,24.4,7.6,15.12,0,2,2,0,0
89,2429,Primary and nursery education teaching professionals,67,7,30847,"Process, Plant And Machine Operatives",grp8,null,24.3,null,15.04,2,0,0,0,0
98,2444,Print finishing and binding workers,67,7,31073,Skilled Trades Occupations,grp5,56,24.3,12.8,15.04,2,2,2,0,0
251,5441,Printers,67.25,13.25,59616,"Process, Plant And Machine Operatives",grp8,4.7,19.8,10.8,12.21,1,2,1,0,0
40,2114,Printing machine assistants,67.5,13,59122,Administrative And Secretarial Occupations,grp4,59.5,19.8,10.1,12.24,2,2,2,0,0
278,6231,Prison service officers (below principal officer),67.5,13,59459,Professional Occupations,grp2,43.7,19.8,6.8,12.22,0,0,0,0,0
280,6240,Probation officers,67.5,25,95399,Professional Occupations,grp2,19,15.8,10.1,10.33,2,2,1,0,0
308,8121,Process operatives n.e.c.,67.57142857,13.71428571,61148,"Managers, Directors And Senior Officials",grp1,15.8,19.4,4.7,12.03,0,0,0,0,0
78,2317,"Product, clothing and related designers",68,9.5,43098,Skilled Trades Occupations,grp5,32.7,21.8,12,13.51,0,0,2,0,0
73,2311,Production and process engineers,68,9.5,43202,Skilled Trades Occupations,grp5,81.3,21.7,13.6,13.5,1,2,1,0,0
108,3111,Production managers and directors in construction,68,10,48298,"Process, Plant And Machine Operatives",grp8,28.3,20.9,null,13.15,0,0,0,0,0
242,5421,Production managers and directors in manufacturing,68,14.2,64101,"Process, Plant And Machine Operatives",grp8,44.8,18.9,14.4,11.86,2,0,0,0,0
335,8229,Production managers and directors in mining and energy,68,14.2,64237,Skilled Trades Occupations,grp5,77.3,18.8,7,11.84,1,0,2,0,0
4,1122,Programmers and software development professionals,68,14.2,64400,Skilled Trades Occupations,grp5,96.2,18.8,8.4,11.81,2,2,2,0,0
30,1242,"Property, housing and estate managers",68,14.2,64482,"Process, Plant And Machine Operatives",grp8,34.7,18.7,5.1,11.69,0,0,2,0,0
95,2436,Protective service associate professionals n.e.c.,68,15,69820,Professional Occupations,grp2,67.6,18.2,9,11.52,0,0,2,0,0
152,3532,Psychologists,68,18,80150,Associate Professional And Technical Occupations,grp3,39,16.9,7.5,10.79,2,2,2,0,0
193,4213,Public relations professionals,68,18,80274,"Caring, Leisure And Other Service Occupations",grp6,45.6,16.9,14.7,10.77,2,2,1,0,0
195,4215,Public services associate professionals,68,27,101407,Skilled Trades Occupations,grp5,25.3,15,null,10.24,0,0,2,0,0
232,5319,Publicans and managers of licensed premises,68.44444444,15.44444444,72334,Skilled Trades Occupations,grp5,95.6,18.1,3.2,11.4,2,2,2,0,0
241,5419,Purchasing managers and directors,68.44444444,15.44444444,72528,Administrative And Secretarial Occupations,grp4,22.3,18,3.9,11.33,0,0,0,0,0
333,8222,Quality assurance and regulatory professionals,68.44444444,15.44444444,72914,Associate Professional And Technical Occupations,grp3,30.3,17.6,3.5,11.29,0,0,1,0,0
85,2423,Quality assurance technicians,68.5,5.5,26530,"Managers, Directors And Senior Officials",grp1,22.8,25.5,17.1,16.6,0,0,0,0,0
86,2424,Quality control and planning engineers,68.5,29.5,117815,Professional Occupations,grp2,8.9,14.3,19.1,10.13,2,2,2,0,0
103,2462,Quantity surveyors,69,13.25,59512,Administrative And Secretarial Occupations,grp4,46.2,19.8,8.9,12.21,2,0,2,0,0
188,4159,Quarry workers and related operatives,69,18,79859,Associate Professional And Technical Occupations,grp3,56.8,16.9,7.8,10.87,0,0,0,0,0
5,1123,Rail and rolling stock builders and repairers,70,5,24188,"Process, Plant And Machine Operatives",grp8,77.4,26.1,6.7,17.67,0,2,2,0,0
12,1139,Rail construction and maintenance operatives,70,17,75403,Associate Professional And Technical Occupations,grp3,73.2,17.2,8.6,11.08,2,0,2,0,0
18,1173,Rail transport operatives,70,18,78860,Skilled Trades Occupations,grp5,2.8,17,8.9,10.93,0,0,0,0,0
28,1226,Rail travel assistants,70.16666667,49,223324,Elementary Occupations,grp9,2.3,10.5,10.2,9.23,0,0,0,0,0
31,1251,Receptionists,70.5,7.5,32607,Associate Professional And Technical Occupations,grp3,88.3,24,7.9,14.85,0,0,2,0,0
32,1252,Records clerks and assistants,71.33333333,17,75354,"Managers, Directors And Senior Officials",grp1,51.2,17.3,6.1,11.13,0,0,0,0,0
33,1253,Refuse and salvage occupations,71.5,6.5,29435,"Process, Plant And Machine Operatives",grp8,57.6,24.7,22.7,15.46,0,0,2,0,0
35,1255,Research and development managers,71.5,68.5,303878,Professional Occupations,grp2,0.9,9,10.1,8.87,0,0,2,0,0
36,1259,"Residential, day and domiciliary  care managers and proprietors",72,0,2182,Professional Occupations,grp2,null,null,null,45.54,2,1,1,0,0
261,6132,Restaurant and catering establishment managers and proprietors,72,76,313014,Associate Professional And Technical Occupations,grp3,12.8,8.6,11.9,8.85,0,0,0,0,0
159,3539,Retail cashiers and check-out operators,72.4,25.81428571,96830,Professional Occupations,grp2,71.7,15.4,6.1,10.27,0,0,2,0,0
46,2126,Road construction operatives,72.5,27.5,109090,Associate Professional And Technical Occupations,grp3,2.2,14.8,9,10.2,1,2,1,0,0
48,2129,"Roofers, roof tilers and slaters",72.66666667,9.666666667,43389,Associate Professional And Technical Occupations,grp3,38,21.5,12.1,13.44,0,0,2,0,0
92,2433,Roundspersons and van salespersons,72.66666667,9.666666667,44004,Professional Occupations,grp2,17.5,21.5,7.4,13.43,0,0,2,0,0
102,2461,Routine inspectors and testers,73,23,92716,Elementary Occupations,grp9,58.9,16.3,18.4,10.45,2,0,2,0,0
24,1221,Rubber process operatives,73,60,252511,"Process, Plant And Machine Operatives",grp8,68.4,9.9,10.9,9,0,0,2,0,0
26,1224,Sales accounts and business development managers,73.33333333,38.33333333,166478,"Caring, Leisure And Other Service Occupations",grp6,86.3,12.6,7.8,9.91,0,0,0,0,0
1,1115,Sales administrators,73.33333333,38.33333333,166678,"Caring, Leisure And Other Service Occupations",grp6,88.1,12.5,13.4,9.91,0,2,2,0,0
160,3541,Sales and retail assistants,73.5,15.75,72991,"Managers, Directors And Senior Officials",grp1,73.4,17.6,3,11.28,0,0,2,0,0
354,9235,Sales related occupations n.e.c.,73.66666667,9.333333333,42015,"Process, Plant And Machine Operatives",grp8,59.1,21.9,15.2,13.53,1,2,1,0,0
352,9233,Sales supervisors,73.75,43.25,186453,Associate Professional And Technical Occupations,grp3,1,11.8,11.5,9.55,1,2,1,0,0
356,9239,"Scaffolders, stagers and riggers",74,11.5,54273,Associate Professional And Technical Occupations,grp3,12.1,20.2,10.4,12.39,1,2,1,0,0
364,9271,School midday and crossing patrol occupations,74,13.5,60264,Sales And Customer Service Occupations,grp7,51,19.5,10.1,12.08,2,0,2,0,0
55,2141,School secretaries,74.5,7,30323,"Caring, Leisure And Other Service Occupations",grp2,8.9,24.5,4.9,15.27,0,0,2,0,0
56,2142,"Science, engineering and production technicians n.e.c.",74.5,50,224182,"Managers, Directors And Senior Officials",grp1,96.4,10.2,null,9.21,0,0,1,0,0
3,1121,Secondary education teaching professionals,75,27.5,108457,Sales And Customer Service Occupations,grp7,34.5,14.9,11.4,10.2,0,0,2,0,0
44,2123,Security guards and related occupations,75.5,40.75,178331,Professional Occupations,grp2,1.2,12.2,11,9.64,0,0,0,0,0
161,3542,Senior care workers,75.8,27.4,105769,Administrative And Secretarial Occupations,grp4,97,14.9,null,10.24,0,2,2,0,0
221,5242,"Senior officers in fire, ambulance, prison and related services",75.8,27.4,107406,Skilled Trades Occupations,grp5,53.3,14.9,32.4,10.22,1,0,2,0,0
279,6232,Senior police officers,76,8,33921,Professional Occupations,grp2,78.4,23.4,null,14.7,1,2,1,0,0
350,9231,Senior professionals of educational establishments,76,8,34018,Skilled Trades Occupations,grp5,40,23.4,5.5,14.66,2,0,0,0,0
13,1150,Sewing machinists,76,78.5,344781,Associate Professional And Technical Occupations,grp3,35.4,8.1,2.7,8.74,0,0,0,0,0
7,1132,Sheet metal workers,76.5,20,83756,Skilled Trades Occupations,grp5,84.9,16.6,8.5,10.72,0,0,0,0,0
52,2136,Shelf fillers,76.5,20,86491,"Managers, Directors And Senior Officials",grp1,82.2,16.5,17,10.69,2,2,1,0,0
84,2421,Ship and hovercraft officers,76.66666667,23,92413,"Caring, Leisure And Other Service Occupations",grp2,96.5,16.3,10.6,10.46,2,0,2,0,0
155,3535,Shopkeepers and proprietors – wholesale and retail,77,4,14210,"Caring, Leisure And Other Service Occupations",grp6,10.2,30.6,9.6,20.31,2,2,2,0,0
297,7219,"Skilled metal, electrical and electronic trades supervisors",77,5,23780,"Process, Plant And Machine Operatives",grp8,null,26.1,18.7,17.72,0,0,2,0,0
8,1133,Smiths and forge workers,77,23.66666667,92777,Professional Occupations,grp2,62.7,16,13.7,10.4,2,0,2,0,0
14,1161,Social and humanities scientists,77,41.8,185161,Associate Professional And Technical Occupations,grp3,42.1,11.8,28.2,9.56,1,2,2,0,0
15,1162,Social services managers and directors,77,62.75,268464,"Caring, Leisure And Other Service Occupations",grp3,73.6,9.7,13.9,8.97,2,0,2,0,0
93,2434,Social workers,77,62.75,270262,Skilled Trades Occupations,grp5,31.5,9.6,null,8.89,0,0,2,0,0
51,2135,Solicitors,77.33333333,33,141995,Professional Occupations,grp2,76.2,13,13.3,10,0,0,0,0,0
189,4161,Special needs education teaching professionals,78,10,45271,Sales And Customer Service Occupations,grp7,33.5,21.2,14.8,13.19,1,0,2,0,0
190,4162,Speech and language therapists,78,10,47341,Skilled Trades Occupations,grp5,91.3,21.1,5.4,13.17,0,0,2,0,0
298,7220,Sports and leisure assistants,78,53.75,229520,Skilled Trades Occupations,grp5,35.4,10.2,7,9.13,0,0,2,0,0
45,2124,"Sports coaches, instructors and officials",79,4,13943,"Caring, Leisure And Other Service Occupations",grp3,22.7,30.7,44.1,20.42,0,0,0,0,0
207,5215,Sports players,79,25.5,96393,Professional Occupations,grp2,70.5,15.7,10.4,10.33,0,0,2,0,0
42,2121,Steel erectors,79,25.5,96543,"Managers, Directors And Senior Officials",grp1,39,15.4,6.4,10.33,0,0,2,0,0
151,3531,Stock control clerks and assistants,79,58,230737,"Caring, Leisure And Other Service Occupations",grp6,3.6,10.2,6.2,9.12,0,0,0,0,0
343,9119,Tailors and dressmakers,79,58,237323,Associate Professional And Technical Occupations,grp3,90,10.2,10.1,9.03,2,2,1,0,0
106,2472,Taxation experts,79,58,244328,Sales And Customer Service Occupations,grp7,20.7,9.9,null,9.03,0,0,0,0,0
157,3537,Taxi and cab drivers and chauffeurs,79,58,251861,Professional Occupations,grp2,3.6,9.9,null,9.02,0,0,2,0,0
168,3562,Teaching and other educational professionals n.e.c.,79.5,21.5,90573,"Managers, Directors And Senior Officials",grp1,61.8,16.4,13.3,10.49,0,0,2,0,0
170,3564,Teaching assistants,79.75,30,125462,Elementary Occupations,grp9,17.2,13.9,null,10.12,2,2,2,0,0
164,3545,Telecommunications engineers,79.75,30,126678,Associate Professional And Technical Occupations,grp3,43.1,13.9,2.2,10.1,2,2,1,0,0
19,1181,Telephone salespersons,80,9,36130,Associate Professional And Technical Occupations,grp3,80.2,22.9,11.5,14.18,2,2,2,0,0
38,2112,Telephonists,81.5,12.5,58333,Professional Occupations,grp2,53.8,20,6.6,12.27,0,0,0,0,0
41,2119,Textile process operatives,83,40,178147,Skilled Trades Occupations,grp5,74.2,12.2,8.9,9.64,2,0,2,0,0
6,1131,"Textiles, garments and related trades n.e.c.",83,48.8,220547,Sales And Customer Service Occupations,grp7,1.3,10.5,5.7,9.24,0,0,2,0,0
101,2452,Therapy professionals n.e.c.,83,72,309093,Administrative And Secretarial Occupations,grp4,90.9,9,11,8.85,0,2,1,0,0
158,3538,"Tool makers, tool fitters and markers-out",84.2,27.8,109722,Administrative And Secretarial Occupations,grp4,73.3,14.7,2.2,10.18,2,2,1,0,0
194,4214,Town planning officers,84.75,41.25,178484,"Caring, Leisure And Other Service Occupations",grp6,72,12,null,9.63,0,0,2,0,0
57,2150,Train and tram drivers,84.75,41.25,179535,Elementary Occupations,grp9,53.4,12,20.6,9.58,0,0,0,0,0
142,3421,Transport and distribution clerks and assistants,84.90909091,67.81818182,272176,Administrative And Secretarial Occupations,grp4,42.7,9.2,null,8.88,2,0,1,0,0
176,4121,Travel agency managers and proprietors,84.90909091,67.81818182,283210,Professional Occupations,grp2,7.9,9.1,null,8.88,0,0,0,0,0
198,5111,Travel agents,84.90909091,67.81818182,296415,Associate Professional And Technical Occupations,grp3,48.9,9,15.5,8.87,0,0,0,0,0
341,9111,"TV, video and audio engineers",85,40,177714,Professional Occupations,grp2,46.4,12.2,5.9,9.68,0,0,0,0,0
9,1134,Typists and related keyboard occupations,86,91.5,773306,Associate Professional And Technical Occupations,grp3,83.7,4.3,3.6,8.21,0,0,0,0,0
20,1184,"Tyre, exhaust and windscreen fitters",88,20.5,87183,Skilled Trades Occupations,grp5,42.3,16.5,11.3,10.67,2,2,1,0,0
117,3131,"Undertakers, mortuary and crematorium assistants",88,36,147599,Professional Occupations,grp2,15.8,12.9,19.2,9.99,0,0,0,0,0
154,3534,Upholsterers,88,36,152853,Professional Occupations,grp2,32.7,12.9,20.2,9.98,0,0,2,0,0
243,5422,Van drivers,88,36,155165,"Process, Plant And Machine Operatives",grp8,51.1,12.8,null,9.97,1,2,1,0,0
287,7122,Vehicle and parts salespersons and advisers,88.14285714,90.57142857,584725,"Caring, Leisure And Other Service Occupations",grp3,82,5.5,4.9,8.25,0,0,2,0,0
314,8127,Vehicle body builders and repairers,88.14285714,90.57142857,668999,Skilled Trades Occupations,grp5,88.5,5.4,6.7,8.22,0,0,0,0,0
116,3122,Vehicle paint technicians,88.75,89.75,440102,"Caring, Leisure And Other Service Occupations",grp6,20.2,5.8,8.8,8.51,0,0,2,0,0
11,1136,"Vehicle technicians, mechanics and electricians",88.75,89.75,450697,"Managers, Directors And Senior Officials",grp1,40.5,5.8,14.3,8.48,2,2,2,0,0
192,4212,Vehicle valeters and cleaners,89,32.75,141350,"Managers, Directors And Senior Officials",grp1,64,13.4,9.5,10,1,0,2,0,0
136,3412,Veterinarians,89.20833333,91.16666667,739509,"Managers, Directors And Senior Officials",grp1,78.4,4.9,6.1,8.21,0,2,2,0,0
202,5119,Veterinary nurses,89.57142857,23.57142857,92758,Professional Occupations,grp2,2.3,16.2,3.2,10.45,0,0,2,0,0
10,1135,Vocational and industrial trainers and instructors,90,75,312827,Skilled Trades Occupations,grp5,66.7,8.7,5.3,8.85,0,0,2,0,0
39,2113,Waiters and waitresses,90,77,337703,"Process, Plant And Machine Operatives",grp8,81,8.5,19.6,8.75,0,0,2,0,0
87,2425,Waste disposal and environmental services managers,90,87,352427,Professional Occupations,grp2,42.3,8,null,8.72,0,0,0,0,0
353,9234,Water and sewerage plant operatives,91,89,436729,"Managers, Directors And Senior Officials",grp1,85.7,5.9,null,8.52,0,0,2,0,0
81,2412,Weavers and knitters,95,5,23291,"Process, Plant And Machine Operatives",grp8,34.1,26.2,10.9,18.04,0,0,0,0,0
82,2413,"Weighers, graders and sorters",96.5,61,258664,"Process, Plant And Machine Operatives",grp8,2.1,9.8,7,9,0,2,2,0,0
83,2419,Welding trades,97,89,387853,Skilled Trades Occupations,grp5,14,7.9,4.2,8.65,0,0,0,0,0
107,2473,Welfare and housing associate professionals n.e.c.,97,89,394588,Professional Occupations,grp2,62.4,7.8,4.6,8.59,0,0,2,0,0
162,3543,Welfare professionals n.e.c.,97,89,428113,"Process, Plant And Machine Operatives",grp8,70.7,7,17.6,8.52,0,2,2,0,0
334,8223,Window cleaners,97,90,504923,"Caring, Leisure And Other Service Occupations",grp2,65.2,5.5,12.7,8.35,0,0,0,0,0
135,3411,Youth and community workers,99.5,98,1048353,Professional Occupations,grp2,66.2,4.2,15.2,8.21,0,0,0,0,0